date,time,sensor,status
2023/10/13,15:41:06,100,0.5
2023/10/13,15:40:49,1,0.5
2023/10/13,15:40:39,103,0.5
2023/10/13,15:40:33,2,0.5
2023/10/13,15:40:30,1,1.0
2023/10/13,15:40:28,22,0.5
2023/10/13,15:40:27,100,1.0
2023/10/13,15:40:27,2,1.0
2023/10/13,15:40:26,21,0.5
2023/10/13,15:40:25,23,0.5
2023/10/13,15:40:25,24,0.5
2023/10/13,15:40:23,21,1.0
2023/10/13,15:40:22,23,1.0
2023/10/13,15:40:22,22,1.0
2023/10/13,15:40:22,24,1.0
2023/10/13,15:40:18,24,0.5
2023/10/13,15:40:16,22,0.5
2023/10/13,15:40:13,24,1.0
2023/10/13,15:40:10,22,1.0
2023/10/13,15:39:55,104,0.5
2023/10/13,15:39:47,41,0.5
2023/10/13,15:39:43,62,0.5
2023/10/13,15:39:41,103,1.0
2023/10/13,15:39:41,63,0.5
2023/10/13,15:39:41,41,1.0
2023/10/13,15:39:41,64,0.5
2023/10/13,15:39:38,62,1.0
2023/10/13,15:39:36,63,1.0
2023/10/13,15:39:36,64,1.0
2023/10/13,15:39:29,64,0.5
2023/10/13,15:39:26,63,0.5
2023/10/13,15:39:26,106,0.5
2023/10/13,15:39:26,62,0.5
2023/10/13,15:39:25,64,1.0
2023/10/13,15:39:23,63,1.0
2023/10/13,15:39:23,64,0.5
2023/10/13,15:39:20,63,0.5
2023/10/13,15:39:15,65,0.5
2023/10/13,15:39:15,64,1.0
2023/10/13,15:39:14,104,1.0
2023/10/13,15:39:14,63,1.0
2023/10/13,15:39:03,104,0.5
2023/10/13,15:38:54,63,0.5
2023/10/13,15:38:54,65,1.0
2023/10/13,15:38:51,64,0.5
2023/10/13,15:38:51,106,1.0
2023/10/13,15:38:48,63,1.0
2023/10/13,15:38:47,64,1.0
2023/10/13,15:38:45,64,0.5
2023/10/13,15:38:41,66,0.5
2023/10/13,15:38:39,63,0.5
2023/10/13,15:38:38,66,1.0
2023/10/13,15:38:37,105,0.5
2023/10/13,15:38:36,66,0.5
2023/10/13,15:38:36,63,1.0
2023/10/13,15:38:36,64,1.0
2023/10/13,15:38:34,64,0.5
2023/10/13,15:38:34,63,0.5
2023/10/13,15:38:33,66,1.0
2023/10/13,15:38:31,62,1.0
2023/10/13,15:38:30,81,0.5
2023/10/13,15:38:28,64,1.0
2023/10/13,15:38:27,104,1.0
2023/10/13,15:38:24,63,1.0
2023/10/13,15:38:22,63,0.5
2023/10/13,15:38:14,104,0.5
2023/10/13,15:38:09,63,1.0
2023/10/13,15:38:07,63,0.5
2023/10/13,15:38:04,81,1.0
2023/10/13,15:38:04,105,1.0
2023/10/13,15:38:02,63,1.0
2023/10/13,15:38:01,63,0.5
2023/10/13,15:38:01,66,0.5
2023/10/13,15:37:58,63,1.0
2023/10/13,15:37:58,66,1.0
2023/10/13,15:37:54,63,0.5
2023/10/13,15:37:53,62,0.5
2023/10/13,15:37:51,63,1.0
2023/10/13,15:37:49,62,1.0
2023/10/13,15:37:48,63,0.5
2023/10/13,15:37:45,63,1.0
2023/10/13,15:37:43,103,0.5
2023/10/13,15:37:41,66,0.5
2023/10/13,15:37:38,66,1.0
2023/10/13,15:37:35,61,0.5
2023/10/13,15:37:34,3,0.5
2023/10/13,15:37:33,27,0.5
2023/10/13,15:37:31,21,0.5
2023/10/13,15:37:30,3,1.0
2023/10/13,15:37:30,104,1.0
2023/10/13,15:37:30,61,1.0
2023/10/13,15:37:29,23,0.5
2023/10/13,15:37:29,25,0.5
2023/10/13,15:37:29,24,0.5
2023/10/13,15:37:28,27,1.0
2023/10/13,15:37:28,21,1.0
2023/10/13,15:37:27,24,1.0
2023/10/13,15:37:27,22,1.0
2023/10/13,15:37:26,23,1.0
2023/10/13,15:37:26,25,1.0
2023/10/13,15:37:24,24,0.5
2023/10/13,15:37:24,23,0.5
2023/10/13,15:37:23,22,0.5
2023/10/13,15:37:23,21,0.5
2023/10/13,15:37:19,23,1.0
2023/10/13,15:37:17,22,1.0
2023/10/13,15:37:16,23,0.5
2023/10/13,15:37:14,24,1.0
2023/10/13,15:37:13,23,1.0
2023/10/13,15:37:11,23,0.5
2023/10/13,15:37:11,24,0.5
2023/10/13,15:37:07,24,1.0
2023/10/13,15:37:06,24,0.5
2023/10/13,15:37:03,101,0.5
2023/10/13,15:37:03,102,0.5
2023/10/13,15:36:57,100,0.5
2023/10/13,15:36:54,21,1.0
2023/10/13,15:36:53,22,0.5
2023/10/13,15:36:52,21,0.5
2023/10/13,15:36:51,23,1.0
2023/10/13,15:36:50,27,0.5
2023/10/13,15:36:50,3,0.5
2023/10/13,15:36:50,24,1.0
2023/10/13,15:36:49,22,1.0
2023/10/13,15:36:49,21,1.0
2023/10/13,15:36:48,61,0.5
2023/10/13,15:36:47,27,1.0
2023/10/13,15:36:47,61,1.0
2023/10/13,15:36:46,103,1.0
2023/10/13,15:36:45,61,0.5
2023/10/13,15:36:44,11,0.5
2023/10/13,15:36:42,3,1.0
2023/10/13,15:36:42,61,1.0
2023/10/13,15:36:41,100,1.0
2023/10/13,15:36:39,11,1.0
2023/10/13,15:36:36,12,0.5
2023/10/13,15:36:30,11,0.5
2023/10/13,15:36:27,100,0.5
2023/10/13,15:36:26,11,1.0
2023/10/13,15:36:24,11,0.5
2023/10/13,15:36:22,11,1.0
2023/10/13,15:36:20,11,0.5
2023/10/13,15:36:16,12,1.0
2023/10/13,15:36:16,101,1.0
2023/10/13,15:36:16,3,0.5
2023/10/13,15:36:15,11,1.0
2023/10/13,15:36:14,61,0.5
2023/10/13,15:36:14,2,0.5
2023/10/13,15:36:13,102,1.0
2023/10/13,15:36:12,61,1.0
2023/10/13,15:36:12,1,0.5
2023/10/13,15:36:11,3,1.0
2023/10/13,15:36:10,2,1.0
2023/10/13,15:36:06,100,1.0
2023/10/13,15:36:04,1,1.0
2023/10/13,15:35:55,100,0.5
2023/10/13,15:35:48,1,0.5
2023/10/13,15:35:40,103,0.5
2023/10/13,15:35:33,11,0.5
2023/10/13,15:35:33,3,0.5
2023/10/13,15:35:32,1,1.0
2023/10/13,15:35:30,100,1.0
2023/10/13,15:35:29,61,0.5
2023/10/13,15:35:29,11,1.0
2023/10/13,15:35:28,27,0.5
2023/10/13,15:35:28,22,0.5
2023/10/13,15:35:28,24,0.5
2023/10/13,15:35:27,21,0.5
2023/10/13,15:35:26,3,1.0
2023/10/13,15:35:26,61,1.0
2023/10/13,15:35:25,25,0.5
2023/10/13,15:35:25,27,1.0
2023/10/13,15:35:24,21,1.0
2023/10/13,15:35:23,22,1.0
2023/10/13,15:35:23,24,1.0
2023/10/13,15:35:21,25,1.0
2023/10/13,15:35:17,22,0.5
2023/10/13,15:35:13,22,1.0
2023/10/13,15:35:10,22,0.5
2023/10/13,15:35:08,22,1.0
2023/10/13,15:35:04,104,0.5
2023/10/13,15:34:57,27,0.5
2023/10/13,15:34:52,27,1.0
2023/10/13,15:34:51,103,1.0
2023/10/13,15:34:51,62,0.5
2023/10/13,15:34:48,64,0.5
2023/10/13,15:34:47,63,0.5
2023/10/13,15:34:46,62,1.0
2023/10/13,15:34:44,63,1.0
2023/10/13,15:34:43,64,1.0
2023/10/13,15:34:40,63,0.5
2023/10/13,15:34:39,64,0.5
2023/10/13,15:34:39,62,0.5
2023/10/13,15:34:36,64,1.0
2023/10/13,15:34:32,64,0.5
2023/10/13,15:34:31,106,0.5
2023/10/13,15:34:29,62,1.0
2023/10/13,15:34:27,63,1.0
2023/10/13,15:34:27,64,1.0
2023/10/13,15:34:24,64,0.5
2023/10/13,15:34:22,63,0.5
2023/10/13,15:34:21,65,0.5
2023/10/13,15:34:20,64,1.0
2023/10/13,15:34:20,104,1.0
2023/10/13,15:34:18,63,1.0
2023/10/13,15:34:06,104,0.5
2023/10/13,15:33:58,63,0.5
2023/10/13,15:33:58,64,0.5
2023/10/13,15:33:57,65,1.0
2023/10/13,15:33:55,106,1.0
2023/10/13,15:33:52,63,1.0
2023/10/13,15:33:52,64,1.0
2023/10/13,15:33:48,63,0.5
2023/10/13,15:33:48,64,0.5
2023/10/13,15:33:47,62,0.5
2023/10/13,15:33:45,63,1.0
2023/10/13,15:33:44,64,1.0
2023/10/13,15:33:40,105,0.5
2023/10/13,15:33:38,62,1.0
2023/10/13,15:33:36,63,0.5
2023/10/13,15:33:36,64,0.5
2023/10/13,15:33:34,81,0.5
2023/10/13,15:33:29,104,1.0
2023/10/13,15:33:28,63,1.0
2023/10/13,15:33:27,63,0.5
2023/10/13,15:33:23,63,1.0
2023/10/13,15:33:22,81,1.0
2023/10/13,15:33:20,63,0.5
2023/10/13,15:33:19,81,0.5
2023/10/13,15:33:16,104,0.5
2023/10/13,15:33:13,63,1.0
2023/10/13,15:33:09,63,0.5
2023/10/13,15:33:04,105,1.0
2023/10/13,15:33:02,81,1.0
2023/10/13,15:33:02,81,0.5
2023/10/13,15:32:59,63,1.0
2023/10/13,15:32:59,64,1.0
2023/10/13,15:32:52,64,0.5
2023/10/13,15:32:52,66,0.5
2023/10/13,15:32:51,63,0.5
2023/10/13,15:32:50,62,0.5
2023/10/13,15:32:49,66,1.0
2023/10/13,15:32:48,63,1.0
2023/10/13,15:32:47,64,1.0
2023/10/13,15:32:47,66,0.5
2023/10/13,15:32:45,103,0.5
2023/10/13,15:32:44,64,0.5
2023/10/13,15:32:43,66,1.0
2023/10/13,15:32:43,63,0.5
2023/10/13,15:32:42,62,1.0
2023/10/13,15:32:40,62,0.5
2023/10/13,15:32:38,64,1.0
2023/10/13,15:32:37,41,0.5
2023/10/13,15:32:37,63,1.0
2023/10/13,15:32:37,61,0.5
2023/10/13,15:32:35,3,0.5
2023/10/13,15:32:35,62,1.0
2023/10/13,15:32:34,21,0.5
2023/10/13,15:32:33,104,1.0
2023/10/13,15:32:32,24,0.5
2023/10/13,15:32:32,41,1.0
2023/10/13,15:32:32,61,1.0
2023/10/13,15:32:32,22,0.5
2023/10/13,15:32:32,23,0.5
2023/10/13,15:32:32,3,1.0
2023/10/13,15:32:31,25,0.5
2023/10/13,15:32:29,21,1.0
2023/10/13,15:32:28,22,1.0
2023/10/13,15:32:28,25,1.0
2023/10/13,15:32:28,24,1.0
2023/10/13,15:32:27,23,1.0
2023/10/13,15:32:21,23,0.5
2023/10/13,15:32:21,24,0.5
2023/10/13,15:32:21,25,0.5
2023/10/13,15:32:17,25,1.0
2023/10/13,15:32:16,23,1.0
2023/10/13,15:32:16,24,1.0
2023/10/13,15:32:06,101,0.5
2023/10/13,15:32:05,102,0.5
2023/10/13,15:32:00,100,0.5
2023/10/13,15:31:48,103,1.0
2023/10/13,15:31:44,100,1.0
2023/10/13,15:31:44,11,0.5
2023/10/13,15:31:43,12,0.5
2023/10/13,15:31:41,11,1.0
2023/10/13,15:31:27,100,0.5
2023/10/13,15:31:21,11,0.5
2023/10/13,15:31:16,12,1.0
2023/10/13,15:31:15,101,1.0
2023/10/13,15:31:13,11,1.0
2023/10/13,15:31:12,102,1.0
2023/10/13,15:31:11,1,0.5
2023/10/13,15:31:04,100,1.0
2023/10/13,15:31:02,1,1.0
2023/10/13,15:23:57,103,0.5
2023/10/13,15:23:47,3,0.5
2023/10/13,15:23:47,2,0.5
2023/10/13,15:23:44,27,0.5
2023/10/13,15:23:44,3,1.0
2023/10/13,15:23:44,2,1.0
2023/10/13,15:23:43,100,1.0
2023/10/13,15:23:42,23,0.5
2023/10/13,15:23:41,27,1.0
2023/10/13,15:23:40,23,1.0
2023/10/13,15:23:39,25,1.0
2023/10/13,15:23:36,25,0.5
2023/10/13,15:23:33,25,1.0
2023/10/13,15:23:33,23,0.5
2023/10/13,15:23:29,25,0.5
2023/10/13,15:23:26,25,1.0
2023/10/13,15:23:26,23,1.0
2023/10/13,15:23:11,104,0.5
2023/10/13,15:23:04,27,0.5
2023/10/13,15:23:02,3,0.5
2023/10/13,15:23:00,41,0.5
2023/10/13,15:22:59,27,1.0
2023/10/13,15:22:58,62,0.5
2023/10/13,15:22:57,63,0.5
2023/10/13,15:22:57,103,1.0
2023/10/13,15:22:57,3,1.0
2023/10/13,15:22:57,41,1.0
2023/10/13,15:22:56,64,0.5
2023/10/13,15:22:54,62,1.0
2023/10/13,15:22:52,63,1.0
2023/10/13,15:22:51,64,1.0
2023/10/13,15:22:49,64,0.5
2023/10/13,15:22:48,66,0.5
2023/10/13,15:22:48,63,0.5
2023/10/13,15:22:45,66,1.0
2023/10/13,15:22:45,63,1.0
2023/10/13,15:22:44,62,0.5
2023/10/13,15:22:41,64,1.0
2023/10/13,15:22:40,106,0.5
2023/10/13,15:22:39,66,0.5
2023/10/13,15:22:37,64,0.5
2023/10/13,15:22:37,63,0.5
2023/10/13,15:22:37,66,1.0
2023/10/13,15:22:35,66,0.5
2023/10/13,15:22:34,62,1.0
2023/10/13,15:22:34,64,1.0
2023/10/13,15:22:32,64,0.5
2023/10/13,15:22:32,66,1.0
2023/10/13,15:22:29,64,1.0
2023/10/13,15:22:29,104,1.0
2023/10/13,15:22:29,63,1.0
2023/10/13,15:22:21,42,0.5
2023/10/13,15:22:16,3,0.5
2023/10/13,15:22:15,104,0.5
2023/10/13,15:22:15,42,1.0
2023/10/13,15:22:11,3,1.0
2023/10/13,15:22:09,1,0.5
2023/10/13,15:22:06,1,1.0
2023/10/13,15:22:04,63,0.5
2023/10/13,15:22:04,64,0.5
2023/10/13,15:22:00,106,1.0
2023/10/13,15:21:54,63,1.0
2023/10/13,15:21:54,64,1.0
2023/10/13,15:21:48,64,0.5
2023/10/13,15:21:48,66,0.5
2023/10/13,15:21:43,63,0.5
2023/10/13,15:21:41,66,1.0
2023/10/13,15:21:41,62,0.5
2023/10/13,15:21:39,64,1.0
2023/10/13,15:21:39,3,0.5
2023/10/13,15:21:39,63,1.0
2023/10/13,15:21:39,105,0.5
2023/10/13,15:21:38,66,0.5
2023/10/13,15:21:37,3,1.0
2023/10/13,15:21:37,64,0.5
2023/10/13,15:21:35,63,0.5
2023/10/13,15:21:35,66,1.0
2023/10/13,15:21:33,62,1.0
2023/10/13,15:21:29,64,1.0
2023/10/13,15:21:29,63,1.0
2023/10/13,15:21:28,104,1.0
2023/10/13,15:21:27,63,0.5
2023/10/13,15:21:24,63,1.0
2023/10/13,15:21:21,81,0.5
2023/10/13,15:21:21,63,0.5
2023/10/13,15:21:14,104,0.5
2023/10/13,15:21:02,105,1.0
2023/10/13,15:21:02,81,1.0
2023/10/13,15:21:01,64,0.5
2023/10/13,15:20:58,62,0.5
2023/10/13,15:20:58,63,1.0
2023/10/13,15:20:57,64,1.0
2023/10/13,15:20:55,64,0.5
2023/10/13,15:20:55,63,0.5
2023/10/13,15:20:54,66,0.5
2023/10/13,15:20:53,62,1.0
2023/10/13,15:20:50,63,1.0
2023/10/13,15:20:49,66,1.0
2023/10/13,15:20:48,64,1.0
2023/10/13,15:20:45,103,0.5
2023/10/13,15:20:42,64,0.5
2023/10/13,15:20:40,63,0.5
2023/10/13,15:20:38,62,0.5
2023/10/13,15:20:35,64,1.0
2023/10/13,15:20:35,66,0.5
2023/10/13,15:20:35,63,1.0
2023/10/13,15:20:32,66,1.0
2023/10/13,15:20:30,3,0.5
2023/10/13,15:20:30,61,0.5
2023/10/13,15:20:29,21,0.5
2023/10/13,15:20:29,62,1.0
2023/10/13,15:20:28,104,1.0
2023/10/13,15:20:27,22,0.5
2023/10/13,15:20:27,3,1.0
2023/10/13,15:20:26,24,0.5
2023/10/13,15:20:26,23,0.5
2023/10/13,15:20:26,61,1.0
2023/10/13,15:20:26,25,0.5
2023/10/13,15:20:24,21,1.0
2023/10/13,15:20:23,22,1.0
2023/10/13,15:20:22,25,1.0
2023/10/13,15:20:21,23,1.0
2023/10/13,15:20:21,24,1.0
2023/10/13,15:20:20,25,0.5
2023/10/13,15:20:17,24,0.5
2023/10/13,15:20:16,21,0.5
2023/10/13,15:20:15,25,1.0
2023/10/13,15:20:15,24,1.0
2023/10/13,15:20:13,24,0.5
2023/10/13,15:20:11,21,1.0
2023/10/13,15:20:08,24,1.0
2023/10/13,15:20:06,102,0.5
2023/10/13,15:20:05,101,0.5
2023/10/13,15:20:01,100,0.5
2023/10/13,15:19:58,24,0.5
2023/10/13,15:19:55,24,1.0
2023/10/13,15:19:55,21,0.5
2023/10/13,15:19:54,61,0.5
2023/10/13,15:19:54,3,0.5
2023/10/13,15:19:54,21,1.0
2023/10/13,15:19:50,2,0.5
2023/10/13,15:19:48,103,1.0
2023/10/13,15:19:46,11,0.5
2023/10/13,15:19:43,2,1.0
2023/10/13,15:19:43,100,1.0
2023/10/13,15:19:43,61,1.0
2023/10/13,15:19:43,3,1.0
2023/10/13,15:19:40,11,1.0
2023/10/13,15:19:31,12,1.0
2023/10/13,15:19:27,12,0.5
2023/10/13,15:19:27,100,0.5
2023/10/13,15:19:21,11,0.5
2023/10/13,15:19:18,12,1.0
2023/10/13,15:19:17,101,1.0
2023/10/13,15:19:15,3,0.5
2023/10/13,15:19:14,2,0.5
2023/10/13,15:19:14,61,0.5
2023/10/13,15:19:13,102,1.0
2023/10/13,15:19:13,1,0.5
2023/10/13,15:19:13,11,1.0
2023/10/13,15:19:13,61,1.0
2023/10/13,15:19:11,3,1.0
2023/10/13,15:19:10,2,1.0
2023/10/13,15:19:05,100,1.0
2023/10/13,15:19:04,1,1.0
2023/10/13,15:18:29,100,0.5
2023/10/13,15:18:11,103,0.5
2023/10/13,15:18:01,3,0.5
2023/10/13,15:18:00,1,1.0
2023/10/13,15:17:59,61,0.5
2023/10/13,15:17:58,22,0.5
2023/10/13,15:17:58,27,0.5
2023/10/13,15:17:58,100,1.0
2023/10/13,15:17:56,3,1.0
2023/10/13,15:17:56,61,1.0
2023/10/13,15:17:54,23,0.5
2023/10/13,15:17:54,27,1.0
2023/10/13,15:17:53,25,0.5
2023/10/13,15:17:52,23,1.0
2023/10/13,15:17:52,22,1.0
2023/10/13,15:17:51,25,1.0
2023/10/13,15:17:45,25,0.5
2023/10/13,15:17:45,23,0.5
2023/10/13,15:17:41,22,0.5
2023/10/13,15:17:38,22,1.0
2023/10/13,15:17:35,25,1.0
2023/10/13,15:17:35,23,1.0
2023/10/13,15:17:27,104,0.5
2023/10/13,15:17:13,3,0.5
2023/10/13,15:17:13,61,0.5
2023/10/13,15:17:11,103,1.0
2023/10/13,15:17:11,62,0.5
2023/10/13,15:17:08,3,1.0
2023/10/13,15:17:08,61,1.0
2023/10/13,15:17:07,63,0.5
2023/10/13,15:17:07,64,0.5
2023/10/13,15:17:05,62,1.0
2023/10/13,15:17:04,63,1.0
2023/10/13,15:17:03,64,1.0
2023/10/13,15:16:55,63,0.5
2023/10/13,15:16:54,62,0.5
2023/10/13,15:16:51,63,1.0
2023/10/13,15:16:48,64,0.5
2023/10/13,15:16:48,63,0.5
2023/10/13,15:16:48,106,0.5
2023/10/13,15:16:47,62,1.0
2023/10/13,15:16:47,64,1.0
2023/10/13,15:16:45,63,1.0
2023/10/13,15:16:44,62,0.5
2023/10/13,15:16:43,64,0.5
2023/10/13,15:16:41,63,0.5
2023/10/13,15:16:40,62,1.0
2023/10/13,15:16:36,104,1.0
2023/10/13,15:16:35,64,1.0
2023/10/13,15:16:33,63,1.0
2023/10/13,15:16:21,104,0.5
2023/10/13,15:16:08,63,0.5
2023/10/13,15:16:08,106,1.0
2023/10/13,15:16:08,64,0.5
2023/10/13,15:16:04,66,0.5
2023/10/13,15:16:03,63,1.0
2023/10/13,15:16:01,64,1.0
2023/10/13,15:16:01,66,1.0
2023/10/13,15:16:01,63,0.5
2023/10/13,15:16:00,62,0.5
2023/10/13,15:15:59,64,0.5
2023/10/13,15:15:55,62,1.0
2023/10/13,15:15:52,62,0.5
2023/10/13,15:15:49,64,1.0
2023/10/13,15:15:49,105,0.5
2023/10/13,15:15:49,63,1.0
2023/10/13,15:15:48,66,0.5
2023/10/13,15:15:43,66,1.0
2023/10/13,15:15:42,64,0.5
2023/10/13,15:15:39,62,1.0
2023/10/13,15:15:38,66,0.5
2023/10/13,15:15:36,63,0.5
2023/10/13,15:15:34,66,1.0
2023/10/13,15:15:32,64,1.0
2023/10/13,15:15:31,81,0.5
2023/10/13,15:15:30,104,1.0
2023/10/13,15:15:25,63,1.0
2023/10/13,15:15:22,63,0.5
2023/10/13,15:15:16,104,0.5
2023/10/13,15:15:14,63,1.0
2023/10/13,15:15:10,63,0.5
2023/10/13,15:15:04,64,0.5
2023/10/13,15:15:03,81,1.0
2023/10/13,15:15:03,105,1.0
2023/10/13,15:14:59,63,1.0
2023/10/13,15:14:59,64,1.0
2023/10/13,15:14:47,103,0.5
2023/10/13,15:14:45,66,0.5
2023/10/13,15:14:43,64,0.5
2023/10/13,15:14:40,66,1.0
2023/10/13,15:14:40,62,0.5
2023/10/13,15:14:39,66,0.5
2023/10/13,15:14:38,64,1.0
2023/10/13,15:14:35,66,1.0
2023/10/13,15:14:35,62,1.0
2023/10/13,15:14:35,24,0.5
2023/10/13,15:14:34,22,0.5
2023/10/13,15:14:34,104,1.0
2023/10/13,15:14:33,41,1.0
2023/10/13,15:14:33,21,0.5
2023/10/13,15:14:33,27,1.0
2023/10/13,15:14:33,21,1.0
2023/10/13,15:14:33,22,1.0
2023/10/13,15:14:28,24,1.0
2023/10/13,15:14:11,22,0.5
2023/10/13,15:14:08,22,1.0
2023/10/13,15:14:04,102,0.5
2023/10/13,15:14:03,101,0.5
2023/10/13,15:14:00,100,0.5
2023/10/13,15:13:51,27,0.5
2023/10/13,15:13:47,27,1.0
2023/10/13,15:13:46,103,1.0
2023/10/13,15:13:44,11,0.5
2023/10/13,15:13:43,12,0.5
2023/10/13,15:13:41,100,1.0
2023/10/13,15:13:39,11,1.0
2023/10/13,15:13:35,11,0.5
2023/10/13,15:13:32,11,1.0
2023/10/13,15:13:27,100,0.5
2023/10/13,15:13:19,11,0.5
2023/10/13,15:13:17,12,1.0
2023/10/13,15:13:17,101,1.0
2023/10/13,15:13:13,102,1.0
2023/10/13,15:13:13,11,1.0
2023/10/13,15:13:13,1,0.5
2023/10/13,15:13:04,100,1.0
2023/10/13,15:13:02,1,1.0
2023/10/13,15:11:59,100,0.5
2023/10/13,15:11:49,1,0.5
2023/10/13,15:11:42,103,0.5
2023/10/13,15:11:35,3,0.5
2023/10/13,15:11:35,2,0.5
2023/10/13,15:11:33,61,0.5
2023/10/13,15:11:33,1,1.0
2023/10/13,15:11:31,21,0.5
2023/10/13,15:11:31,3,1.0
2023/10/13,15:11:31,61,1.0
2023/10/13,15:11:31,2,1.0
2023/10/13,15:11:31,22,0.5
2023/10/13,15:11:30,100,1.0
2023/10/13,15:11:29,22,1.0
2023/10/13,15:11:28,21,1.0
2023/10/13,15:11:26,24,0.5
2023/10/13,15:11:26,22,0.5
2023/10/13,15:11:25,23,0.5
2023/10/13,15:11:23,23,1.0
2023/10/13,15:11:22,24,1.0
2023/10/13,15:11:21,25,0.5
2023/10/13,15:11:19,22,1.0
2023/10/13,15:11:15,25,1.0
2023/10/13,15:11:06,104,0.5
2023/10/13,15:10:52,62,0.5
2023/10/13,15:10:52,63,0.5
2023/10/13,15:10:52,103,1.0
2023/10/13,15:10:48,64,1.0
2023/10/13,15:10:48,62,1.0
2023/10/13,15:10:48,63,1.0
2023/10/13,15:10:45,64,0.5
2023/10/13,15:10:44,63,0.5
2023/10/13,15:10:36,63,1.0
2023/10/13,15:10:36,64,1.0
2023/10/13,15:10:34,106,0.5
2023/10/13,15:10:34,64,0.5
2023/10/13,15:10:33,66,0.5
2023/10/13,15:10:32,63,0.5
2023/10/13,15:10:30,62,0.5
2023/10/13,15:10:25,62,1.0
2023/10/13,15:10:23,64,1.0
2023/10/13,15:10:22,104,1.0
2023/10/13,15:10:21,63,1.0
2023/10/13,15:10:07,104,0.5
2023/10/13,15:09:59,63,0.5
2023/10/13,15:09:57,106,1.0
2023/10/13,15:09:53,64,0.5
2023/10/13,15:09:48,64,1.0
2023/10/13,15:09:47,63,1.0
2023/10/13,15:09:46,62,0.5
2023/10/13,15:09:46,64,0.5
2023/10/13,15:09:44,63,0.5
2023/10/13,15:09:43,62,1.0
2023/10/13,15:09:41,64,1.0
2023/10/13,15:09:38,64,0.5
2023/10/13,15:09:38,105,0.5
2023/10/13,15:09:30,66,1.0
2023/10/13,15:09:28,81,0.5
2023/10/13,15:09:27,64,1.0
2023/10/13,15:09:26,104,1.0
2023/10/13,15:09:24,63,1.0
2023/10/13,15:09:20,63,0.5
2023/10/13,15:09:17,63,1.0
2023/10/13,15:09:15,63,0.5
2023/10/13,15:09:14,104,0.5
2023/10/13,15:09:14,63,1.0
2023/10/13,15:09:11,81,1.0
2023/10/13,15:09:09,63,0.5
2023/10/13,15:09:08,81,0.5
2023/10/13,15:09:04,64,0.5
2023/10/13,15:09:01,81,1.0
2023/10/13,15:09:01,105,1.0
2023/10/13,15:08:56,62,0.5
2023/10/13,15:08:51,62,1.0
2023/10/13,15:08:50,63,1.0
2023/10/13,15:08:49,64,1.0
2023/10/13,15:08:47,64,0.5
2023/10/13,15:08:46,103,0.5
2023/10/13,15:08:43,64,1.0
2023/10/13,15:08:41,64,0.5
2023/10/13,15:08:40,63,0.5
2023/10/13,15:08:38,62,0.5
2023/10/13,15:08:37,63,1.0
2023/10/13,15:08:36,64,1.0
2023/10/13,15:08:35,41,0.5
2023/10/13,15:08:35,3,0.5
2023/10/13,15:08:35,61,0.5
2023/10/13,15:08:34,27,0.5
2023/10/13,15:08:34,3,1.0
2023/10/13,15:08:33,62,1.0
2023/10/13,15:08:33,22,0.5
2023/10/13,15:08:33,24,0.5
2023/10/13,15:08:32,104,1.0
2023/10/13,15:08:32,41,1.0
2023/10/13,15:08:32,3,0.5
2023/10/13,15:08:32,25,0.5
2023/10/13,15:08:31,61,1.0
2023/10/13,15:08:31,21,1.0
2023/10/13,15:08:31,27,1.0
2023/10/13,15:08:29,21,0.5
2023/10/13,15:08:26,21,1.0
2023/10/13,15:08:25,22,1.0
2023/10/13,15:08:24,24,1.0
2023/10/13,15:08:24,23,1.0
2023/10/13,15:08:24,25,1.0
2023/10/13,15:08:21,25,0.5
2023/10/13,15:08:21,24,0.5
2023/10/13,15:08:20,22,0.5
2023/10/13,15:08:16,22,1.0
2023/10/13,15:08:13,25,1.0
2023/10/13,15:08:13,24,1.0
2023/10/13,15:08:09,102,0.5
2023/10/13,15:08:08,101,0.5
2023/10/13,15:08:06,25,0.5
2023/10/13,15:08:03,22,0.5
2023/10/13,15:08:03,25,1.0
2023/10/13,15:08:03,100,0.5
2023/10/13,15:07:59,25,0.5
2023/10/13,15:07:57,27,0.5
2023/10/13,15:07:55,21,0.5
2023/10/13,15:07:54,25,1.0
2023/10/13,15:07:53,21,1.0
2023/10/13,15:07:53,22,1.0
2023/10/13,15:07:53,61,0.5
2023/10/13,15:07:52,27,1.0
2023/10/13,15:07:51,3,0.5
2023/10/13,15:07:51,61,1.0
2023/10/13,15:07:50,103,1.0
2023/10/13,15:07:49,11,0.5
2023/10/13,15:07:46,100,1.0
2023/10/13,15:07:46,3,1.0
2023/10/13,15:07:45,12,0.5
2023/10/13,15:07:44,11,1.0
2023/10/13,15:07:43,12,1.0
2023/10/13,15:07:37,12,0.5
2023/10/13,15:07:31,100,0.5
2023/10/13,15:07:31,11,0.5
2023/10/13,15:07:25,11,1.0
2023/10/13,15:07:21,12,1.0
2023/10/13,15:07:21,11,0.5
2023/10/13,15:07:17,101,1.0
2023/10/13,15:07:14,102,1.0
2023/10/13,15:07:13,3,0.5
2023/10/13,15:07:11,11,1.0
2023/10/13,15:07:11,1,0.5
2023/10/13,15:07:09,3,1.0
2023/10/13,15:07:03,100,1.0
2023/10/13,15:07:02,1,1.0
2023/10/13,15:06:06,100,0.5
2023/10/13,15:05:58,1,0.5
2023/10/13,15:05:50,103,0.5
2023/10/13,15:05:44,3,0.5
2023/10/13,15:05:43,11,0.5
2023/10/13,15:05:42,2,0.5
2023/10/13,15:05:42,61,0.5
2023/10/13,15:05:41,1,1.0
2023/10/13,15:05:40,11,1.0
2023/10/13,15:05:39,23,0.5
2023/10/13,15:05:39,2,1.0
2023/10/13,15:05:39,100,1.0
2023/10/13,15:05:38,61,1.0
2023/10/13,15:05:37,3,1.0
2023/10/13,15:05:36,23,1.0
2023/10/13,15:05:34,24,0.5
2023/10/13,15:05:32,23,0.5
2023/10/13,15:05:24,24,1.0
2023/10/13,15:05:24,23,1.0
2023/10/13,15:05:14,104,0.5
2023/10/13,15:05:01,62,0.5
2023/10/13,15:05:00,103,1.0
2023/10/13,15:04:57,62,1.0
2023/10/13,15:04:56,64,0.5
2023/10/13,15:04:54,62,0.5
2023/10/13,15:04:51,63,0.5
2023/10/13,15:04:51,62,1.0
2023/10/13,15:04:46,63,1.0
2023/10/13,15:04:45,64,1.0
2023/10/13,15:04:38,64,0.5
2023/10/13,15:04:37,62,0.5
2023/10/13,15:04:36,63,0.5
2023/10/13,15:04:33,106,0.5
2023/10/13,15:04:28,64,1.0
2023/10/13,15:04:28,63,1.0
2023/10/13,15:04:25,64,0.5
2023/10/13,15:04:25,63,0.5
2023/10/13,15:04:23,62,1.0
2023/10/13,15:04:22,65,0.5
2023/10/13,15:04:20,64,1.0
2023/10/13,15:04:20,63,1.0
2023/10/13,15:04:20,104,1.0
2023/10/13,15:04:08,65,1.0
2023/10/13,15:04:07,104,0.5
2023/10/13,15:03:56,63,0.5
2023/10/13,15:03:56,64,0.5
2023/10/13,15:03:53,106,1.0
2023/10/13,15:03:50,66,0.5
2023/10/13,15:03:48,62,0.5
2023/10/13,15:03:47,63,1.0
2023/10/13,15:03:47,66,1.0
2023/10/13,15:03:46,64,1.0
2023/10/13,15:03:44,64,0.5
2023/10/13,15:03:44,63,0.5
2023/10/13,15:03:43,62,1.0
2023/10/13,15:03:39,64,1.0
2023/10/13,15:03:38,105,0.5
2023/10/13,15:03:37,64,0.5
2023/10/13,15:03:36,62,0.5
2023/10/13,15:03:33,63,1.0
2023/10/13,15:03:31,62,1.0
2023/10/13,15:03:31,63,0.5
2023/10/13,15:03:27,81,0.5
2023/10/13,15:03:27,64,1.0
2023/10/13,15:03:26,104,1.0
2023/10/13,15:03:24,63,1.0
2023/10/13,15:03:22,63,0.5
2023/10/13,15:03:18,63,1.0
2023/10/13,15:03:16,63,0.5
2023/10/13,15:03:12,63,1.0
2023/10/13,15:03:09,104,0.5
2023/10/13,15:03:08,63,0.5
2023/10/13,15:02:57,64,0.5
2023/10/13,15:02:56,81,1.0
2023/10/13,15:02:55,105,1.0
2023/10/13,15:02:53,63,1.0
2023/10/13,15:02:51,64,1.0
2023/10/13,15:02:47,64,0.5
2023/10/13,15:02:46,63,0.5
2023/10/13,15:02:42,63,1.0
2023/10/13,15:02:40,64,1.0
2023/10/13,15:02:40,103,0.5
2023/10/13,15:02:39,62,0.5
2023/10/13,15:02:36,64,0.5
2023/10/13,15:02:36,63,0.5
2023/10/13,15:02:35,62,1.0
2023/10/13,15:02:32,62,0.5
2023/10/13,15:02:30,41,0.5
2023/10/13,15:02:30,61,0.5
2023/10/13,15:02:29,64,1.0
2023/10/13,15:02:29,63,1.0
2023/10/13,15:02:29,3,0.5
2023/10/13,15:02:29,27,0.5
2023/10/13,15:02:27,62,1.0
2023/10/13,15:02:26,21,0.5
2023/10/13,15:02:26,23,0.5
2023/10/13,15:02:26,22,0.5
2023/10/13,15:02:25,25,0.5
2023/10/13,15:02:25,3,1.0
2023/10/13,15:02:25,41,1.0
2023/10/13,15:02:25,61,1.0
2023/10/13,15:02:25,24,0.5
2023/10/13,15:02:25,104,1.0
2023/10/13,15:02:24,27,1.0
2023/10/13,15:02:23,21,1.0
2023/10/13,15:02:22,23,1.0
2023/10/13,15:02:22,25,1.0
2023/10/13,15:02:22,22,1.0
2023/10/13,15:02:21,24,1.0
2023/10/13,15:02:19,25,0.5
2023/10/13,15:02:18,24,0.5
2023/10/13,15:02:16,21,0.5
2023/10/13,15:02:16,22,0.5
2023/10/13,15:02:13,21,1.0
2023/10/13,15:02:13,22,1.0
2023/10/13,15:02:10,25,1.0
2023/10/13,15:02:09,24,1.0
2023/10/13,15:02:06,101,0.5
2023/10/13,15:02:06,102,0.5
2023/10/13,15:02:01,100,0.5
2023/10/13,15:01:56,25,0.5
2023/10/13,15:01:51,27,0.5
2023/10/13,15:01:51,25,1.0
2023/10/13,15:01:47,103,1.0
2023/10/13,15:01:46,27,1.0
2023/10/13,15:01:43,11,0.5
2023/10/13,15:01:42,12,0.5
2023/10/13,15:01:42,100,1.0
2023/10/13,15:01:40,11,1.0
2023/10/13,15:01:39,12,1.0
2023/10/13,15:01:30,11,0.5
2023/10/13,15:01:28,100,0.5
2023/10/13,15:01:28,11,1.0
2023/10/13,15:01:21,11,0.5
2023/10/13,15:01:16,101,1.0
2023/10/13,15:01:14,102,1.0
2023/10/13,15:01:13,11,1.0
2023/10/13,15:01:10,1,0.5
2023/10/13,15:01:08,1,1.0
2023/10/13,15:01:07,1,0.5
2023/10/13,15:01:07,100,1.0
2023/10/13,15:01:03,1,1.0
2023/10/13,15:00:00,100,0.5
2023/10/13,14:59:52,1,0.5
2023/10/13,14:59:46,103,0.5
2023/10/13,14:59:38,61,0.5
2023/10/13,14:59:37,2,0.5
2023/10/13,14:59:36,2,1.0
2023/10/13,14:59:36,3,0.5
2023/10/13,14:59:36,1,1.0
2023/10/13,14:59:34,24,0.5
2023/10/13,14:59:34,61,1.0
2023/10/13,14:59:34,100,1.0
2023/10/13,14:59:34,3,1.0
2023/10/13,14:59:34,23,0.5
2023/10/13,14:59:32,24,1.0
2023/10/13,14:59:29,21,1.0
2023/10/13,14:59:28,23,1.0
2023/10/13,14:59:28,22,1.0
2023/10/13,14:59:25,22,0.5
2023/10/13,14:59:25,21,0.5
2023/10/13,14:59:24,23,0.5
2023/10/13,14:59:21,21,1.0
2023/10/13,14:59:20,22,1.0
2023/10/13,14:59:19,23,1.0
2023/10/13,14:59:18,22,0.5
2023/10/13,14:59:17,21,0.5
2023/10/13,14:59:15,21,1.0
2023/10/13,14:59:13,22,1.0
2023/10/13,14:59:10,104,0.5
2023/10/13,14:59:01,103,1.0
2023/10/13,14:58:59,43,0.5
2023/10/13,14:58:58,41,0.5
2023/10/13,14:58:58,42,0.5
2023/10/13,14:58:56,61,0.5
2023/10/13,14:58:55,42,1.0
2023/10/13,14:58:54,43,1.0
2023/10/13,14:58:53,42,0.5
2023/10/13,14:58:53,61,1.0
2023/10/13,14:58:51,43,0.5
2023/10/13,14:58:50,41,1.0
2023/10/13,14:58:50,42,1.0
2023/10/13,14:58:47,42,0.5
2023/10/13,14:58:46,41,0.5
2023/10/13,14:58:44,62,0.5
2023/10/13,14:58:41,42,1.0
2023/10/13,14:58:41,43,1.0
2023/10/13,14:58:39,62,1.0
2023/10/13,14:58:39,41,1.0
2023/10/13,14:58:35,62,0.5
2023/10/13,14:58:32,64,0.5
2023/10/13,14:58:32,63,0.5
2023/10/13,14:58:29,62,1.0
2023/10/13,14:58:29,64,1.0
2023/10/13,14:58:26,63,1.0
2023/10/13,14:58:25,106,0.5
2023/10/13,14:58:24,64,0.5
2023/10/13,14:58:22,63,0.5
2023/10/13,14:58:22,62,0.5
2023/10/13,14:58:21,64,1.0
2023/10/13,14:58:18,64,0.5
2023/10/13,14:58:16,62,1.0
2023/10/13,14:58:15,64,1.0
2023/10/13,14:58:13,63,1.0
2023/10/13,14:58:11,104,1.0
2023/10/13,14:57:59,104,0.5
2023/10/13,14:57:54,63,0.5
2023/10/13,14:57:53,64,0.5
2023/10/13,14:57:49,106,1.0
2023/10/13,14:57:46,62,0.5
2023/10/13,14:57:44,64,1.0
2023/10/13,14:57:42,62,1.0
2023/10/13,14:57:40,62,0.5
2023/10/13,14:57:38,64,0.5
2023/10/13,14:57:37,105,0.5
2023/10/13,14:57:32,62,1.0
2023/10/13,14:57:31,81,0.5
2023/10/13,14:57:30,64,1.0
2023/10/13,14:57:27,63,1.0
2023/10/13,14:57:26,104,1.0
2023/10/13,14:57:24,63,0.5
2023/10/13,14:57:11,104,0.5
2023/10/13,14:57:04,63,1.0
2023/10/13,14:57:00,63,0.5
2023/10/13,14:56:56,64,0.5
2023/10/13,14:56:56,105,1.0
2023/10/13,14:56:56,81,1.0
2023/10/13,14:56:53,63,1.0
2023/10/13,14:56:51,64,1.0
2023/10/13,14:56:46,64,0.5
2023/10/13,14:56:46,63,0.5
2023/10/13,14:56:44,62,0.5
2023/10/13,14:56:41,103,0.5
2023/10/13,14:56:41,62,1.0
2023/10/13,14:56:36,62,0.5
2023/10/13,14:56:35,61,0.5
2023/10/13,14:56:34,64,1.0
2023/10/13,14:56:34,63,1.0
2023/10/13,14:56:33,3,0.5
2023/10/13,14:56:32,27,0.5
2023/10/13,14:56:31,62,1.0
2023/10/13,14:56:31,3,1.0
2023/10/13,14:56:30,21,0.5
2023/10/13,14:56:30,23,0.5
2023/10/13,14:56:30,61,1.0
2023/10/13,14:56:29,22,0.5
2023/10/13,14:56:29,25,0.5
2023/10/13,14:56:29,104,1.0
2023/10/13,14:56:29,27,1.0
2023/10/13,14:56:27,21,1.0
2023/10/13,14:56:26,23,1.0
2023/10/13,14:56:26,22,1.0
2023/10/13,14:56:25,25,1.0
2023/10/13,14:56:25,24,1.0
2023/10/13,14:56:22,23,0.5
2023/10/13,14:56:22,25,0.5
2023/10/13,14:56:20,24,0.5
2023/10/13,14:56:14,100,0.5
2023/10/13,14:56:12,25,1.0
2023/10/13,14:56:11,22,0.5
2023/10/13,14:56:09,25,0.5
2023/10/13,14:56:06,22,1.0
2023/10/13,14:56:04,22,0.5
2023/10/13,14:56:03,102,0.5
2023/10/13,14:56:03,25,1.0
2023/10/13,14:56:01,101,0.5
2023/10/13,14:56:00,25,0.5
2023/10/13,14:55:55,21,0.5
2023/10/13,14:55:55,27,0.5
2023/10/13,14:55:55,25,1.0
2023/10/13,14:55:54,23,1.0
2023/10/13,14:55:54,24,1.0
2023/10/13,14:55:54,2,0.5
2023/10/13,14:55:53,21,1.0
2023/10/13,14:55:53,3,0.5
2023/10/13,14:55:53,22,1.0
2023/10/13,14:55:52,27,1.0
2023/10/13,14:55:52,11,0.5
2023/10/13,14:55:50,103,1.0
2023/10/13,14:55:49,61,0.5
2023/10/13,14:55:47,2,1.0
2023/10/13,14:55:47,61,1.0
2023/10/13,14:55:47,3,1.0
2023/10/13,14:55:46,100,1.0
2023/10/13,14:55:44,11,1.0
2023/10/13,14:55:25,100,0.5
2023/10/13,14:55:23,11,0.5
2023/10/13,14:55:19,11,1.0
2023/10/13,14:55:13,3,0.5
2023/10/13,14:55:13,2,0.5
2023/10/13,14:55:13,61,0.5
2023/10/13,14:55:12,101,1.0
2023/10/13,14:55:11,102,1.0
2023/10/13,14:55:11,1,0.5
2023/10/13,14:55:11,61,1.0
2023/10/13,14:55:10,3,1.0
2023/10/13,14:55:09,2,1.0
2023/10/13,14:55:04,100,1.0
2023/10/13,14:55:03,1,1.0
