2023-09-09,19:55:00,2,0.5
2023-09-09,19:54:59,3,0.5
2023-09-09,19:54:49,44,1
2023-09-09,19:54:49,5,0.5
2023-09-09,19:54:35,4,1
2023-09-09,19:54:34,2,1
2023-09-09,19:54:34,3,1
2023-09-09,19:54:33,5,1
2023-09-09,19:54:32,5,0.5
2023-09-09,19:54:26,4,0.5
2023-09-09,19:54:25,2,0.5
2023-09-09,19:54:25,3,0.5
2023-09-09,19:54:11,入口,0.5
2023-09-09,19:54:02,1,0.5
2023-09-09,19:54:00,23,0.5
2023-09-09,19:53:59,44,0.5
2023-09-09,19:53:52,41,0.5
2023-09-09,19:53:51,42,0.5
2023-09-09,19:53:49,5,1
2023-09-09,19:53:48,客厅,1
2023-09-09,19:53:48,6,1
2023-09-09,19:53:46,1,1
2023-09-09,19:53:46,4,1
2023-09-09,19:53:44,44,1
2023-09-09,19:53:44,23,1
2023-09-09,19:53:43,2,1
2023-09-09,19:53:42,3,1
2023-09-09,19:53:38,3,0.5
2023-09-09,19:53:21,42,1
2023-09-09,19:53:20,42,0.5
2023-09-09,19:53:08,43,0.5
2023-09-09,19:53:05,23,0.5
2023-09-09,19:53:05,44,0.5
2023-09-09,19:53:04,2,0.5
2023-09-09,19:53:03,餐厅,0.5
2023-09-09,19:52:52,43,1
2023-09-09,19:52:50,44,1
2023-09-09,19:52:49,23,1
2023-09-09,19:52:48,2,1
2023-09-09,19:52:46,2,0.5
2023-09-09,19:52:45,44,0.5
2023-09-09,19:52:42,4,0.5
2023-09-09,19:52:41,22,0.5
2023-09-09,19:52:41,21,0.5
2023-09-09,19:52:36,23,0.5
2023-09-09,19:52:32,41,1
2023-09-09,19:52:30,44,1
2023-09-09,19:52:30,2,1
2023-09-09,19:52:30,入口,1
2023-09-09,19:52:29,3,1
2023-09-09,19:52:29,42,1
2023-09-09,19:52:26,4,1
2023-09-09,19:52:26,24,1
2023-09-09,19:52:24,22,1
2023-09-09,19:52:22,23,1
2023-09-09,19:52:17,4,0.5
2023-09-09,19:52:16,23,0.5
2023-09-09,19:52:15,22,0.5
2023-09-09,19:52:01,4,1
2023-09-09,19:52:00,23,1
2023-09-09,19:51:59,21,1
2023-09-09,19:51:48,21,0.5
2023-09-09,19:51:48,4,0.5
2023-09-09,19:51:44,23,0.5
2023-09-09,19:51:43,客厅,0.5
2023-09-09,19:51:42,42,0.5
2023-09-09,19:51:41,1,0.5
2023-09-09,19:51:38,6,0.5
2023-09-09,19:51:37,2,0.5
2023-09-09,19:51:37,3,0.5
2023-09-09,19:51:32,21,1
2023-09-09,19:51:31,22,1
2023-09-09,19:51:28,餐厅,1
2023-09-09,19:51:28,23,1
2023-09-09,19:51:26,42,1
2023-09-09,19:51:26,1,1
2023-09-09,19:51:22,44,0.5
2023-09-09,19:51:22,2,1
2023-09-09,19:51:21,2,0.5
2023-09-09,19:51:18,5,0.5
2023-09-09,19:51:08,44,1
2023-09-09,19:51:02,5,1
2023-09-09,19:50:57,2,1
2023-09-09,19:50:48,6,1
2023-09-09,19:50:38,6,0.5
2023-09-09,19:50:32,4,1
2023-09-09,19:50:30,4,0.5
2023-09-09,19:50:22,2,0.5
2023-09-09,19:49:51,6,1
2023-09-09,19:49:47,2,1
2023-09-09,19:49:42,餐厅,0.5
2023-09-09,19:49:25,5,0.5
2023-09-09,19:49:23,6,0.5
2023-09-09,19:49:23,2,0.5
2023-09-09,19:49:23,1,0.5
2023-09-09,19:49:21,42,0.5
2023-09-09,19:49:18,21,0.5
2023-09-09,19:49:18,23,0.5
2023-09-09,19:49:09,5,1
2023-09-09,19:49:07,6,1
2023-09-09,19:49:07,3,1
2023-09-09,19:49:07,客厅,1
2023-09-09,19:49:07,1,1
2023-09-09,19:49:06,42,1
2023-09-09,19:49:04,4,1
2023-09-09,19:49:02,23,1
2023-09-09,19:49:01,21,1
2023-09-09,19:49:01,22,1
2023-09-09,19:48:54,22,0.5
2023-09-09,19:48:52,23,0.5
2023-09-09,19:48:51,21,0.5
2023-09-09,19:48:09,22,1
2023-09-09,19:48:08,21,1
2023-09-09,19:48:08,23,1
2023-09-09,19:47:08,23,0.5
2023-09-09,19:47:08,22,0.5
2023-09-09,19:46:52,23,1
2023-09-09,19:46:48,入口,0.5
2023-09-09,19:46:43,23,0.5
2023-09-09,19:46:42,22,1
2023-09-09,19:46:38,21,0.5
2023-09-09,19:46:35,22,0.5
2023-09-09,19:46:33,4,0.5
2023-09-09,19:46:28,44,0.5
2023-09-09,19:46:28,2,0.5
2023-09-09,19:46:28,43,0.5
2023-09-09,19:46:26,42,0.5
2023-09-09,19:46:26,3,0.5
2023-09-09,19:46:22,21,1
2023-09-09,19:46:19,22,1
2023-09-09,19:46:18,41,0.5
2023-09-09,19:46:17,4,1
2023-09-09,19:46:16,餐厅,1
2023-09-09,19:46:14,44,1
2023-09-09,19:46:14,23,1
2023-09-09,19:46:13,2,1
2023-09-09,19:46:12,43,1
2023-09-09,19:46:10,3,1
2023-09-09,19:46:03,42,1
2023-09-09,19:45:55,3,0.5
2023-09-09,19:45:49,42,0.5
2023-09-09,19:45:40,3,1
2023-09-09,19:45:36,3,0.5
2023-09-09,19:45:27,2,0.5
2023-09-09,19:45:20,3,1
2023-09-09,19:45:16,42,1
2023-09-09,19:45:15,3,0.5
2023-09-09,19:45:12,42,0.5
2023-09-09,19:45:11,2,1
2023-09-09,19:45:00,3,1
2023-09-09,19:44:51,42,1
2023-09-09,19:44:40,42,0.5
2023-09-09,19:44:25,42,1
2023-09-09,19:44:21,客厅,0.5
2023-09-09,19:44:20,41,1
2023-09-09,19:44:17,41,0.5
2023-09-09,19:44:14,23,0.5
2023-09-09,19:44:14,44,0.5
2023-09-09,19:44:14,42,0.5
2023-09-09,19:44:13,43,0.5
2023-09-09,19:44:13,1,0.5
2023-09-09,19:44:11,2,0.5
2023-09-09,19:44:11,4,0.5
2023-09-09,19:44:09,6,0.5
2023-09-09,19:44:09,3,0.5
2023-09-09,19:44:01,41,1
2023-09-09,19:44:00,入口,1
2023-09-09,19:43:59,44,1
2023-09-09,19:43:59,42,1
2023-09-09,19:43:58,23,1
2023-09-09,19:43:58,43,1
2023-09-09,19:43:57,1,1
2023-09-09,19:43:42,4,1
2023-09-09,19:43:40,3,1
2023-09-09,19:43:40,2,1
2023-09-09,19:43:10,2,0.5
2023-09-09,19:43:07,3,0.5
2023-09-09,19:43:00,4,0.5
2023-09-09,19:42:44,2,1
2023-09-09,19:42:44,4,1
2023-09-09,19:42:39,3,1
2023-09-09,19:42:27,6,1
2023-09-09,19:42:14,6,0.5
2023-09-09,19:41:59,3,0.5
2023-09-09,19:41:45,6,1
2023-09-09,19:41:44,3,1
2023-09-09,19:41:39,6,0.5
2023-09-09,19:41:31,3,0.5
2023-09-09,19:41:29,44,0.5
2023-09-09,19:41:28,2,0.5
2023-09-09,19:41:25,5,0.5
2023-09-09,19:41:20,4,0.5
2023-09-09,19:41:14,44,1
2023-09-09,19:41:12,1,0.5
2023-09-09,19:40:57,6,1
2023-09-09,19:40:55,6,0.5
2023-09-09,19:40:50,2,1
2023-09-09,19:40:49,1,1
2023-09-09,19:40:45,5,1
2023-09-09,19:40:45,3,1
2023-09-09,19:40:34,4,1
2023-09-09,19:40:33,6,1
2023-09-09,19:40:26,入口,0.5
2023-09-09,19:40:18,5,0.5
2023-09-09,19:40:16,6,0.5
2023-09-09,19:40:15,1,0.5
2023-09-09,19:40:15,4,0.5
2023-09-09,19:40:14,23,0.5
2023-09-09,19:40:12,2,0.5
2023-09-09,19:40:12,44,0.5
2023-09-09,19:40:12,3,0.5
2023-09-09,19:40:10,42,0.5
2023-09-09,19:40:05,41,0.5
2023-09-09,19:40:04,5,1
2023-09-09,19:40:00,6,1
2023-09-09,19:39:59,客厅,1
2023-09-09,19:39:59,4,1
2023-09-09,19:39:59,1,1
2023-09-09,19:39:57,23,1
2023-09-09,19:39:57,44,1
2023-09-09,19:39:56,3,1
2023-09-09,19:39:56,2,1
2023-09-09,19:39:56,43,1
2023-09-09,19:39:49,3,0.5
2023-09-09,19:39:46,43,0.5
2023-09-09,19:39:30,43,1
2023-09-09,19:39:28,3,1
2023-09-09,19:39:26,3,0.5
2023-09-09,19:39:00,餐厅,0.5
2023-09-09,19:38:55,41,1
2023-09-09,19:38:51,2,0.5
2023-09-09,19:38:50,41,0.5
2023-09-09,19:38:36,2,1
2023-09-09,19:38:30,41,1
2023-09-09,19:38:26,41,0.5
2023-09-09,19:38:23,2,0.5
2023-09-09,19:38:23,44,0.5
2023-09-09,19:38:22,43,0.5
2023-09-09,19:38:20,4,0.5
2023-09-09,19:38:19,22,0.5
2023-09-09,19:38:19,23,0.5
2023-09-09,19:38:19,21,0.5
2023-09-09,19:38:10,41,1
2023-09-09,19:38:08,44,1
2023-09-09,19:38:08,入口,1
2023-09-09,19:38:08,2,1
2023-09-09,19:38:07,42,1
2023-09-09,19:38:06,43,1
2023-09-09,19:38:04,4,1
2023-09-09,19:38:03,23,1
2023-09-09,19:38:02,22,1
2023-09-09,19:38:02,21,1
2023-09-09,19:36:24,21,0.5
2023-09-09,19:36:24,23,0.5
2023-09-09,19:36:24,22,0.5
2023-09-09,19:36:08,23,1
2023-09-09,19:36:08,21,1
2023-09-09,19:36:07,22,1
2023-09-09,19:35:56,22,0.5
2023-09-09,19:34:30,22,1
2023-09-09,19:34:26,4,0.5
2023-09-09,19:34:25,22,0.5
2023-09-09,19:34:24,21,0.5
2023-09-09,19:34:24,23,0.5
2023-09-09,19:34:10,4,1
2023-09-09,19:34:08,23,1
2023-09-09,19:33:54,21,1
2023-09-09,19:33:53,22,1
2023-09-09,19:33:46,21,0.5
2023-09-09,19:33:43,22,0.5
2023-09-09,19:33:29,21,1
2023-09-09,19:33:26,22,1
2023-09-09,19:33:06,22,0.5
2023-09-09,19:32:43,客厅,0.5
2023-09-09,19:32:35,21,0.5
2023-09-09,19:32:31,23,0.5
2023-09-09,19:32:30,43,0.5
2023-09-09,19:32:30,42,0.5
2023-09-09,19:32:29,1,0.5
2023-09-09,19:32:27,2,0.5
2023-09-09,19:32:24,4,0.5
2023-09-09,19:32:24,3,0.5
2023-09-09,19:32:22,6,0.5
2023-09-09,19:32:19,21,1
2023-09-09,19:32:16,22,1
2023-09-09,19:32:16,餐厅,1
2023-09-09,19:32:15,23,1
2023-09-09,19:32:14,42,1
2023-09-09,19:32:14,43,1
2023-09-09,19:32:13,1,1
2023-09-09,19:32:12,2,1
2023-09-09,19:32:08,4,1
2023-09-09,19:32:01,4,0.5
2023-09-09,19:31:54,3,1
2023-09-09,19:31:45,3,0.5
2023-09-09,19:31:35,6,1
2023-09-09,19:31:29,3,1
2023-09-09,19:31:27,3,0.5
2023-09-09,19:31:27,2,0.5
2023-09-09,19:31:27,6,0.5
2023-09-09,19:31:11,1,0.5
2023-09-09,19:31:01,5,0.5
2023-09-09,19:30:55,1,1
2023-09-09,19:30:46,5,1
2023-09-09,19:30:44,3,1
2023-09-09,19:30:44,2,1
2023-09-09,19:30:43,6,1
2023-09-09,19:30:43,4,1
2023-09-09,19:30:37,4,0.5
2023-09-09,19:30:30,3,0.5
2023-09-09,19:30:29,6,0.5
2023-09-09,19:30:14,3,1
2023-09-09,19:30:13,6,1
2023-09-09,19:30:13,4,1
2023-09-09,19:30:02,4,0.5
2023-09-09,19:29:59,2,0.5
2023-09-09,19:29:59,6,0.5
2023-09-09,19:29:55,3,0.5
2023-09-09,19:29:46,4,1
2023-09-09,19:29:43,2,1
2023-09-09,19:29:43,6,1
2023-09-09,19:29:33,4,0.5
2023-09-09,19:29:33,3,1
2023-09-09,19:29:31,2,0.5
2023-09-09,19:29:30,6,0.5
2023-09-09,19:29:30,3,0.5
2023-09-09,19:29:17,5,0.5
2023-09-09,19:29:07,2,1
2023-09-09,19:29:00,2,0.5
2023-09-09,19:28:30,4,1
2023-09-09,19:28:27,4,0.5
2023-09-09,19:28:02,5,1
2023-09-09,19:27:59,5,0.5
2023-09-09,19:27:51,2,1
2023-09-09,19:27:46,2,0.5
2023-09-09,19:27:25,2,1
2023-09-09,19:27:23,2,0.5
2023-09-09,19:27:22,3,1
2023-09-09,19:27:20,3,0.5
2023-09-09,19:27:19,6,1
2023-09-09,19:27:13,6,0.5
2023-09-09,19:26:56,6,1
2023-09-09,19:26:55,6,0.5
2023-09-09,19:26:36,5,1
2023-09-09,19:26:31,2,1
2023-09-09,19:26:23,6,1
2023-09-09,19:26:22,2,0.5
2023-09-09,19:26:21,6,0.5
2023-09-09,19:26:12,44,0.5
2023-09-09,19:25:57,44,1
2023-09-09,19:25:48,2,1
2023-09-09,19:25:47,4,1
2023-09-09,19:25:45,6,1
2023-09-09,19:25:44,3,1
2023-09-09,19:25:41,4,0.5
2023-09-09,19:25:41,2,0.5
2023-09-09,19:25:41,3,0.5
2023-09-09,19:25:36,6,0.5
2023-09-09,19:25:26,2,1
2023-09-09,19:25:25,4,1
2023-09-09,19:25:22,2,0.5
2023-09-09,19:25:20,6,1
2023-09-09,19:25:20,4,0.5
2023-09-09,19:25:17,6,0.5
2023-09-09,19:25:04,4,1
2023-09-09,19:25:03,3,1
2023-09-09,19:25:01,6,1
2023-09-09,19:25:01,2,1
2023-09-09,19:24:59,4,0.5
2023-09-09,19:24:55,6,0.5
2023-09-09,19:24:55,3,0.5
2023-09-09,19:24:54,2,0.5
2023-09-09,19:24:43,4,1
2023-09-09,19:24:30,5,0.5
2023-09-09,19:24:30,44,0.5
2023-09-09,19:24:30,4,0.5
2023-09-09,19:24:16,2,1
2023-09-09,19:24:16,6,1
2023-09-09,19:24:15,44,1
2023-09-09,19:24:15,5,1
2023-09-09,19:24:14,3,1
2023-09-09,19:24:14,3,0.5
2023-09-09,19:24:11,5,0.5
2023-09-09,19:23:58,3,1
2023-09-09,19:23:56,3,0.5
2023-09-09,19:23:41,3,1
2023-09-09,19:23:40,5,1
2023-09-09,19:23:29,5,0.5
2023-09-09,19:23:14,入口,0.5
2023-09-09,19:23:14,4,1
2023-09-09,19:23:14,5,1
2023-09-09,19:23:10,5,0.5
2023-09-09,19:23:06,3,0.5
2023-09-09,19:23:03,6,0.5
2023-09-09,19:23:02,44,0.5
2023-09-09,19:23:01,4,0.5
2023-09-09,19:22:58,2,0.5
2023-09-09,19:22:46,1,0.5
2023-09-09,19:22:44,23,0.5
2023-09-09,19:22:38,42,0.5
2023-09-09,19:22:36,41,0.5
2023-09-09,19:22:33,5,1
2023-09-09,19:22:31,6,1
2023-09-09,19:22:31,客厅,1
2023-09-09,19:22:30,1,1
2023-09-09,19:22:30,4,1
2023-09-09,19:22:28,23,1
2023-09-09,19:22:28,44,1
2023-09-09,19:22:27,2,1
2023-09-09,19:22:27,43,1
2023-09-09,19:22:25,3,1
2023-09-09,19:22:23,3,0.5
2023-09-09,19:22:23,42,1
2023-09-09,19:22:20,42,0.5
2023-09-09,19:22:05,42,1
2023-09-09,19:22:04,42,0.5
2023-09-09,19:21:58,3,1
2023-09-09,19:21:56,3,0.5
2023-09-09,19:21:49,42,1
2023-09-09,19:21:45,42,0.5
2023-09-09,19:21:33,3,1
2023-09-09,19:21:18,3,0.5
2023-09-09,19:21:17,2,0.5
2023-09-09,19:21:01,2,1
2023-09-09,19:20:49,2,0.5
2023-09-09,19:20:38,餐厅,0.5
2023-09-09,19:20:28,44,0.5
2023-09-09,19:20:28,43,0.5
2023-09-09,19:20:28,42,1
2023-09-09,19:20:27,24,0.5
2023-09-09,19:20:27,4,0.5
2023-09-09,19:20:24,23,0.5
2023-09-09,19:20:21,21,0.5
2023-09-09,19:20:20,22,0.5
2023-09-09,19:20:15,41,1
2023-09-09,19:20:14,入口,1
2023-09-09,19:20:14,44,1
2023-09-09,19:20:13,2,1
2023-09-09,19:20:12,43,1
2023-09-09,19:20:11,4,1
2023-09-09,19:20:11,24,1
2023-09-09,19:20:08,23,1
2023-09-09,19:20:04,23,0.5
2023-09-09,19:19:54,21,1
2023-09-09,19:19:48,23,1
2023-09-09,19:19:47,23,0.5
2023-09-09,19:19:39,4,0.5
2023-09-09,19:19:29,21,0.5
2023-09-09,19:19:15,4,1
2023-09-09,19:19:14,23,1
2023-09-09,19:19:00,22,1
2023-09-09,19:18:59,21,1
2023-09-09,19:18:57,23,0.5
2023-09-09,19:18:44,21,0.5
2023-09-09,19:18:44,22,0.5
2023-09-09,19:18:28,21,1
2023-09-09,19:18:27,23,1
2023-09-09,19:18:27,22,1
2023-09-09,19:18:14,22,0.5
2023-09-09,19:18:12,23,0.5
2023-09-09,19:18:06,客厅,0.5
2023-09-09,19:17:57,21,0.5
2023-09-09,19:17:57,22,1
2023-09-09,19:17:46,22,0.5
2023-09-09,19:17:41,21,1
2023-09-09,19:17:35,21,0.5
2023-09-09,19:17:31,4,0.5
2023-09-09,19:17:31,42,0.5
2023-09-09,19:17:30,43,0.5
2023-09-09,19:17:28,3,0.5
2023-09-09,19:17:28,2,0.5
2023-09-09,19:17:27,6,0.5
2023-09-09,19:17:26,1,0.5
2023-09-09,19:17:21,5,0.5
2023-09-09,19:17:19,21,1
2023-09-09,19:17:17,22,1
2023-09-09,19:17:17,餐厅,1
2023-09-09,19:17:16,23,1
2023-09-09,19:17:15,42,1
2023-09-09,19:17:15,43,1
2023-09-09,19:17:01,1,1
2023-09-09,19:16:58,44,0.5
2023-09-09,19:16:57,3,1
2023-09-09,19:16:55,4,1
2023-09-09,19:16:54,3,0.5
2023-09-09,19:16:52,4,0.5
2023-09-09,19:16:46,6,1
2023-09-09,19:16:45,2,1
2023-09-09,19:16:38,6,0.5
2023-09-09,19:16:23,44,1
2023-09-09,19:16:22,1,0.5
2023-09-09,19:16:06,1,1
2023-09-09,19:16:06,5,1
2023-09-09,19:15:59,6,1
2023-09-09,19:15:59,3,1
2023-09-09,19:15:58,4,1
2023-09-09,19:15:44,2,0.5
2023-09-09,19:15:44,4,0.5
2023-09-09,19:15:44,6,0.5
2023-09-09,19:15:44,3,0.5
2023-09-09,19:15:28,2,1
2023-09-09,19:15:28,3,1
2023-09-09,19:15:28,4,1
2023-09-09,19:15:28,6,1
2023-09-09,19:15:15,3,0.5
2023-09-09,19:15:05,6,0.5
2023-09-09,19:15:03,4,0.5
2023-09-09,19:14:55,2,0.5
2023-09-09,19:14:50,3,1
2023-09-09,19:14:49,6,1
2023-09-09,19:14:47,4,1
2023-09-09,19:14:42,6,0.5
2023-09-09,19:14:39,44,0.5
2023-09-09,19:14:38,3,0.5
2023-09-09,19:14:25,44,1
2023-09-09,19:14:23,2,1
2023-09-09,19:14:22,4,0.5
2023-09-09,19:14:16,2,0.5
2023-09-09,19:14:00,3,1
2023-09-09,19:14:00,2,1
2023-09-09,19:13:58,4,1
2023-09-09,19:13:44,6,1
2023-09-09,19:13:41,餐厅,0.5
2023-09-09,19:13:39,6,0.5
2023-09-09,19:13:35,3,0.5
2023-09-09,19:13:35,4,0.5
2023-09-09,19:13:34,44,0.5
2023-09-09,19:13:32,2,0.5
2023-09-09,19:13:24,5,0.5
2023-09-09,19:13:23,3,1
2023-09-09,19:13:16,2,1
2023-09-09,19:13:15,2,0.5
2023-09-09,19:13:15,3,0.5
2023-09-09,19:13:11,44,1
2023-09-09,19:13:07,5,1
2023-09-09,19:12:33,6,1
2023-09-09,19:12:18,2,1
2023-09-09,19:12:17,5,0.5
2023-09-09,19:12:15,6,0.5
2023-09-09,19:12:15,2,0.5
2023-09-09,19:12:15,1,0.5
2023-09-09,19:12:13,43,0.5
2023-09-09,19:12:10,22,0.5
2023-09-09,19:12:01,5,1
2023-09-09,19:11:59,3,1
2023-09-09,19:11:59,客厅,1
2023-09-09,19:11:58,1,1
2023-09-09,19:11:58,42,1
2023-09-09,19:11:58,43,1
2023-09-09,19:11:53,4,1
2023-09-09,19:11:53,23,1
2023-09-09,19:11:52,22,1
2023-09-09,19:11:52,21,1
2023-09-09,19:11:28,21,0.5
2023-09-09,19:11:27,22,0.5
2023-09-09,19:11:12,21,1
2023-09-09,19:11:10,22,1
2023-09-09,19:11:01,22,0.5
2023-09-09,19:10:44,23,1
2023-09-09,19:10:43,22,1
2023-09-09,19:10:17,21,0.5
2023-09-09,19:10:16,22,0.5
2023-09-09,19:10:16,23,0.5
2023-09-09,19:10:01,21,1
2023-09-09,19:10:00,23,1
2023-09-09,19:09:59,22,1
2023-09-09,19:09:45,22,0.5
2023-09-09,19:09:28,22,1
2023-09-09,19:08:50,21,0.5
2023-09-09,19:08:50,22,0.5
2023-09-09,19:08:49,23,0.5
2023-09-09,19:08:34,21,1
2023-09-09,19:08:32,21,0.5
2023-09-09,19:08:30,4,0.5
2023-09-09,19:08:30,24,0.5
2023-09-09,19:08:17,23,1
2023-09-09,19:08:16,22,1
2023-09-09,19:08:15,21,1
2023-09-09,19:08:14,4,1
2023-09-09,19:08:14,24,1
2023-09-09,19:08:13,24,0.5
2023-09-09,19:08:07,23,0.5
2023-09-09,19:08:06,4,0.5
2023-09-09,19:08:06,22,0.5
2023-09-09,19:08:06,21,0.5
2023-09-09,19:07:50,4,1
2023-09-09,19:07:50,24,1
2023-09-09,19:07:42,入口,0.5
2023-09-09,19:07:40,22,1
2023-09-09,19:07:39,22,0.5
2023-09-09,19:07:36,4,0.5
2023-09-09,19:07:33,43,0.5
2023-09-09,19:07:33,2,0.5
2023-09-09,19:07:33,44,0.5
2023-09-09,19:07:29,42,0.5
2023-09-09,19:07:28,3,0.5
2023-09-09,19:07:24,21,1
2023-09-09,19:07:24,41,0.5
2023-09-09,19:07:22,22,1
2023-09-09,19:07:21,餐厅,1
2023-09-09,19:07:20,4,1
2023-09-09,19:07:18,44,1
2023-09-09,19:07:18,23,1
2023-09-09,19:07:18,43,1
2023-09-09,19:07:14,42,1
2023-09-09,19:07:13,3,1
2023-09-09,19:07:08,41,1
2023-09-09,19:07:04,42,0.5
2023-09-09,19:07:04,41,0.5
2023-09-09,19:06:59,3,0.5
2023-09-09,19:06:43,41,1
2023-09-09,19:06:39,43,0.5
2023-09-09,19:06:38,41,0.5
2023-09-09,19:06:23,2,0.5
2023-09-09,19:06:05,43,1
2023-09-09,19:06:04,2,1
2023-09-09,19:05:44,3,1
2023-09-09,19:05:40,客厅,0.5
2023-09-09,19:05:26,3,0.5
2023-09-09,19:05:25,43,0.5
2023-09-09,19:05:12,23,0.5
2023-09-09,19:05:12,4,0.5
2023-09-09,19:05:12,44,0.5
2023-09-09,19:05:10,1,0.5
2023-09-09,19:05:08,2,0.5
2023-09-09,19:05:07,5,0.5
2023-09-09,19:05:05,6,0.5
2023-09-09,19:04:59,41,1
2023-09-09,19:04:58,入口,1
2023-09-09,19:04:57,44,1
2023-09-09,19:04:56,23,1
2023-09-09,19:04:56,42,1
2023-09-09,19:04:55,43,1
2023-09-09,19:04:54,1,1
2023-09-09,19:04:53,2,1
2023-09-09,19:04:51,5,1
2023-09-09,19:04:42,3,1
2023-09-09,19:04:39,3,0.5
2023-09-09,19:04:31,6,1
2023-09-09,19:04:28,6,0.5
2023-09-09,19:03:57,6,1
2023-09-09,19:03:52,6,0.5
2023-09-09,19:03:50,1,0.5
2023-09-09,19:03:47,2,0.5
2023-09-09,19:03:45,3,1
2023-09-09,19:03:42,3,0.5
2023-09-09,19:03:40,5,0.5
2023-09-09,19:03:34,1,1
2023-09-09,19:03:24,5,1
2023-09-09,19:03:21,2,1
2023-09-09,19:03:18,2,0.5
2023-09-09,19:03:02,5,0.5
2023-09-09,19:02:54,入口,0.5
2023-09-09,19:02:42,6,1
2023-09-09,19:02:41,6,0.5
2023-09-09,19:02:30,5,1
2023-09-09,19:02:28,2,1
2023-09-09,19:02:28,6,1
2023-09-09,19:02:25,4,1
2023-09-09,19:02:11,44,0.5
2023-09-09,19:02:10,3,1
2023-09-09,19:02:09,6,0.5
2023-09-09,19:02:08,1,0.5
2023-09-09,19:02:08,4,0.5
2023-09-09,19:02:06,23,0.5
2023-09-09,19:02:05,2,0.5
2023-09-09,19:02:04,43,0.5
2023-09-09,19:02:03,42,0.5
2023-09-09,19:02:02,3,0.5
2023-09-09,19:02:00,41,0.5
2023-09-09,19:01:53,6,1
2023-09-09,19:01:52,1,1
2023-09-09,19:01:52,4,1
2023-09-09,19:01:52,客厅,1
2023-09-09,19:01:50,44,1
2023-09-09,19:01:50,23,1
2023-09-09,19:01:49,2,1
2023-09-09,19:01:49,43,1
2023-09-09,19:01:47,42,1
2023-09-09,19:01:46,3,1
2023-09-09,19:01:32,41,1
2023-09-09,19:01:28,3,0.5
2023-09-09,19:01:28,41,0.5
2023-09-09,19:01:20,42,0.5
2023-09-09,19:00:56,42,1
2023-09-09,19:00:55,3,1
2023-09-09,19:00:53,41,1
2023-09-09,19:00:50,餐厅,0.5
2023-09-09,19:00:42,3,0.5
2023-09-09,19:00:39,42,0.5
2023-09-09,19:00:35,41,0.5
2023-09-09,19:00:23,42,1
2023-09-09,19:00:21,42,0.5
2023-09-09,19:00:09,2,0.5
2023-09-09,19:00:08,44,0.5
2023-09-09,19:00:07,43,0.5
2023-09-09,19:00:06,24,0.5
2023-09-09,19:00:06,4,0.5
2023-09-09,19:00:04,23,0.5
2023-09-09,19:00:02,22,0.5
2023-09-09,18:59:59,21,0.5
2023-09-09,18:59:55,41,1
2023-09-09,18:59:54,入口,1
2023-09-09,18:59:53,44,1
2023-09-09,18:59:53,2,1
2023-09-09,18:59:52,3,1
2023-09-09,18:59:52,42,1
2023-09-09,18:59:52,43,1
2023-09-09,18:59:47,23,1
2023-09-09,18:59:45,23,0.5
2023-09-09,18:59:30,4,1
2023-09-09,18:59:29,24,1
2023-09-09,18:59:29,23,1
2023-09-09,18:59:20,21,1
2023-09-09,18:59:20,22,1
2023-09-09,18:58:56,4,0.5
2023-09-09,18:58:56,22,0.5
2023-09-09,18:58:55,21,0.5
2023-09-09,18:58:55,24,0.5
2023-09-09,18:58:46,23,0.5
2023-09-09,18:58:40,4,1
2023-09-09,18:58:31,21,1
2023-09-09,18:58:29,4,0.5
2023-09-09,18:58:29,21,0.5
2023-09-09,18:58:23,23,1
2023-09-09,18:58:06,23,0.5
2023-09-09,18:57:52,4,1
2023-09-09,18:57:52,24,1
2023-09-09,18:57:51,21,1
2023-09-09,18:57:50,23,1
2023-09-09,18:57:41,22,1
2023-09-09,18:57:40,22,0.5
2023-09-09,18:57:32,4,0.5
2023-09-09,18:57:25,21,0.5
2023-09-09,18:57:16,4,1
2023-09-09,18:57:08,21,1
2023-09-09,18:56:58,4,0.5
2023-09-09,18:56:57,23,0.5
2023-09-09,18:56:55,21,0.5
2023-09-09,18:56:47,24,0.5
2023-09-09,18:56:45,客厅,0.5
2023-09-09,18:56:42,4,1
2023-09-09,18:56:41,43,0.5
2023-09-09,18:56:41,42,0.5
2023-09-09,18:56:40,2,0.5
2023-09-09,18:56:39,1,0.5
2023-09-09,18:56:37,5,0.5
2023-09-09,18:56:36,6,0.5
2023-09-09,18:56:31,4,0.5
2023-09-09,18:56:30,24,1
2023-09-09,18:56:29,21,1
2023-09-09,18:56:28,3,0.5
2023-09-09,18:56:28,22,1
2023-09-09,18:56:26,23,1
2023-09-09,18:56:26,餐厅,1
2023-09-09,18:56:26,42,1
2023-09-09,18:56:26,43,1
2023-09-09,18:56:17,44,0.5
2023-09-09,18:56:15,4,1
2023-09-09,18:56:12,4,0.5
2023-09-09,18:56:06,1,1
2023-09-09,18:56:05,5,1
2023-09-09,18:56:02,44,1
2023-09-09,18:55:54,44,0.5
2023-09-09,18:55:38,44,1
2023-09-09,18:55:37,4,1
2023-09-09,18:55:37,2,1
2023-09-09,18:55:34,4,0.5
2023-09-09,18:55:32,44,0.5
2023-09-09,18:55:29,2,0.5
2023-09-09,18:55:29,6,1
2023-09-09,18:55:28,5,0.5
2023-09-09,18:55:28,6,0.5
2023-09-09,18:55:17,44,1
2023-09-09,18:55:14,客厅,1
2023-09-09,18:55:13,2,1
2023-09-09,18:55:13,3,1
2023-09-09,18:55:12,5,1
2023-09-09,18:55:12,4,1
2023-09-09,18:55:12,6,1